Id	Description
P95160	P95160
I6Y9J2	I6Y9J2
O05318	O05318
O33272	O33272
P9WJK3	P9WJK3
I6YFP0	I6YFP0
P71716	P71716
O65934	O65934
P9WG27	P9WG27
P9WI69	P9WI69
P9WJU7	P9WJU7
P9WI67	P9WI67
P71707	P71707
P9WFU7	P9WFU7
P9WI63	P9WI63
P9WJY3	P9WJY3
I6YHB0	I6YHB0
P9WJE1	P9WJE1
P9WGK9	P9WGK9
O69729	O69729
O53493	O53493
P9WGL1	P9WGL1
L0T911	L0T911
P9WI79	P9WI79
P9WFR5	P9WFR5
P9WHR3	P9WHR3
P9WI77	P9WI77
P9WJV5	P9WJV5
P9WI75	P9WI75
I6X5W1	I6X5W1
O05461	O05461
O53896	O53896
P9WI71	P9WI71
P9WGD9	P9WGD9
P9WMH7	P9WMH7
I6X8D2	I6X8D2
P96368	P96368
P9WJN5	P9WJN5
P9WHR9	P9WHR9
P9WGL3	P9WGL3
O53581	O53581
O53580	O53580
P9WJ67	P9WJ67
P9WIU5	P9WIU5
P9WHS3	P9WHS3
P9WGU5	P9WGU5
P9WHW5	P9WHW5
P95200	P95200
P9WI83	P9WI83
P9WI81	P9WI81
