SeqID	Localization	Score
I6X5W1 	CytoplasmicMembrane	10.00
I6X8D2 	CytoplasmicMembrane	9.96
I6Y9J2 	Unknown	2.50
I6YFP0 	Cytoplasmic	9.97
I6YHB0 	Unknown	2.50
L0T911 	CytoplasmicMembrane	9.96
O05318 	CytoplasmicMembrane	10.00
O05461 	Extracellular	9.73
O33272 	Cytoplasmic	7.50
O53493 	CytoplasmicMembrane	10.00
O53580 	Cytoplasmic	9.97
O53581 	Cytoplasmic	7.50
O53896 	Unknown	2.50
O65934 	CytoplasmicMembrane	10.00
O69729 	CytoplasmicMembrane	8.78
P71707 	CytoplasmicMembrane	9.51
P71716 	Cytoplasmic	9.97
P95160 	CytoplasmicMembrane	9.96
P95200 	CytoplasmicMembrane	8.78
P96368 	CytoplasmicMembrane	9.99
P9WFR5 	CytoplasmicMembrane	10.00
P9WFU7 	Cytoplasmic	10.00
P9WG27 	Extracellular	9.72
P9WGD9 	CytoplasmicMembrane	8.78
P9WGK9 	CytoplasmicMembrane	9.96
P9WGL1 	CytoplasmicMembrane	9.96
P9WGL3 	CytoplasmicMembrane	10.00
P9WGU5 	Unknown	2.50
P9WHR3 	Cytoplasmic	7.50
P9WHR9 	CytoplasmicMembrane	10.00
P9WHS3 	CytoplasmicMembrane	10.00
P9WHW5 	Cytoplasmic	7.50
P9WI63 	CytoplasmicMembrane	8.78
P9WI67 	CytoplasmicMembrane	9.99
P9WI69 	CytoplasmicMembrane	8.78
P9WI71 	CytoplasmicMembrane	9.51
P9WI75 	CytoplasmicMembrane	8.78
P9WI77 	CytoplasmicMembrane	9.51
P9WI79 	CytoplasmicMembrane	9.51
P9WI81 	CytoplasmicMembrane	9.51
P9WI83 	CytoplasmicMembrane	9.99
P9WIU5 	CytoplasmicMembrane	9.51
P9WJ67 	Unknown	2.50
P9WJE1 	Cytoplasmic	7.50
P9WJK3 	CytoplasmicMembrane	10.00
P9WJN5 	CytoplasmicMembrane	10.00
P9WJU7 	CytoplasmicMembrane	10.00
P9WJV5 	CytoplasmicMembrane	10.00
P9WJY3 	CytoplasmicMembrane	10.00
P9WMH7 	Cytoplasmic	7.50