Id	Description	Localization	Epitopes	N-Glyc
P95160	P95160	CytoplasmicMembrane	0	0
I6Y9J2	I6Y9J2	Unknown	2	1
O05318	O05318	CytoplasmicMembrane	0	0
O33272	O33272	Cytoplasmic	1	0
P9WJK3	P9WJK3	CytoplasmicMembrane	0	0
I6YFP0	I6YFP0	Cytoplasmic	0	0
P71716	P71716	Cytoplasmic	0	0
O65934	O65934	CytoplasmicMembrane	5	0
P9WG27	P9WG27	Extracellular	4	0
P9WI69	P9WI69	CytoplasmicMembrane	5	1
P9WJU7	P9WJU7	CytoplasmicMembrane	0	0
P9WI67	P9WI67	CytoplasmicMembrane	1	0
P71707	P71707	CytoplasmicMembrane	3	0
P9WFU7	P9WFU7	Cytoplasmic	3	0
P9WI63	P9WI63	CytoplasmicMembrane	1	0
P9WJY3	P9WJY3	CytoplasmicMembrane	0	0
I6YHB0	I6YHB0	Unknown	2	0
P9WJE1	P9WJE1	Cytoplasmic	0	0
P9WGK9	P9WGK9	CytoplasmicMembrane	1	0
O69729	O69729	CytoplasmicMembrane	0	0
O53493	O53493	CytoplasmicMembrane	1	0
P9WGL1	P9WGL1	CytoplasmicMembrane	0	0
L0T911	L0T911	CytoplasmicMembrane	2	0
P9WI79	P9WI79	CytoplasmicMembrane	0	0
P9WFR5	P9WFR5	CytoplasmicMembrane	0	0
P9WHR3	P9WHR3	Cytoplasmic	1	0
P9WI77	P9WI77	CytoplasmicMembrane	1	0
P9WJV5	P9WJV5	CytoplasmicMembrane	3	0
P9WI75	P9WI75	CytoplasmicMembrane	2	0
I6X5W1	I6X5W1	CytoplasmicMembrane	0	0
O05461	O05461	Extracellular	0	0
O53896	O53896	Unknown	2	0
P9WI71	P9WI71	CytoplasmicMembrane	3	0
P9WGD9	P9WGD9	CytoplasmicMembrane	0	0
P9WMH7	P9WMH7	Cytoplasmic	0	0
I6X8D2	I6X8D2	CytoplasmicMembrane	2	0
P96368	P96368	CytoplasmicMembrane	1	0
P9WJN5	P9WJN5	CytoplasmicMembrane	1	0
P9WHR9	P9WHR9	CytoplasmicMembrane	0	0
P9WGL3	P9WGL3	CytoplasmicMembrane	0	0
O53581	O53581	Cytoplasmic	2	0
O53580	O53580	Cytoplasmic	0	0
P9WJ67	P9WJ67	Unknown	0	0
P9WIU5	P9WIU5	CytoplasmicMembrane	2	0
P9WHS3	P9WHS3	CytoplasmicMembrane	2	0
P9WGU5	P9WGU5	Unknown	0	0
P9WHW5	P9WHW5	Cytoplasmic	2	0
P95200	P95200	CytoplasmicMembrane	0	0
P9WI83	P9WI83	CytoplasmicMembrane	2	0
P9WI81	P9WI81	CytoplasmicMembrane	1	0
