N	Id	Description	Localization	         Method	Threshold	Avg Score	Cover	Epitope	Start	End	N-Glyc	N-Glyc-Count	N-Glyc-Motifs	Length	kDa	I.P	Avg Hydropathy	Avg Cover
1	O53896	O53896	Unknown	   BepiPred-3.0	0.15	0.18	-	PSPPPQPTQYRQ	54	66	N	0	-	12	1.40	9.18	-2.15	0.88
				          Emini	1.00	4.08	1.00	EEEEEEEEEEEE         	
				       Kolaskar	1.04	1.03	0.42	EEEE..E.....         	
				    Chou Fosman	1.02	1.26	1.00	EEEEEEEEEEEE         	
				 Karplus Schulz	1.01	1.07	1.00	EEEEEEEEEEEE         	
				         Parker	1.97	3.20	1.00	EEEEEEEEEEEE         	
				    All matches	-	-	0.42	EEEE..E.....         	
				         N-Glyc	-	-	0.00	............         	
				     Hydropathy	-	-2.15	-	------------         	
2	P9WI71	P9WI71	CytoplasmicMembrane	   BepiPred-3.0	0.15	0.22	-	RPKPVQPPQP	426	436	N	0	-	10	1.14	11.00	-1.92	0.84
				          Emini	1.00	1.64	1.00	EEEEEEEEEE         	
				       Kolaskar	1.03	1.08	1.00	EEEEEEEEEE         	
				    Chou Fosman	1.01	1.09	0.70	...EEEEEEE         	
				 Karplus Schulz	1.00	1.04	0.90	.EEEEEEEEE         	
				         Parker	1.80	1.87	0.60	...EEEE.EE         	
				    All matches	-	-	0.60	...EEEE.EE         	
				         N-Glyc	-	-	0.00	..........         	
				     Hydropathy	-	-1.92	-	----+-----         	
3	O65934	O65934	CytoplasmicMembrane	   BepiPred-3.0	0.15	0.21	-	PTPPPPPVEQPAELGDPAH	572	591	N	0	-	19	1.95	4.13	-1.03	0.83
				          Emini	1.00	1.78	0.89	EEEEEEEEEEEEEEE.EE.         	
				       Kolaskar	1.04	1.03	0.42	...EEEEEEEE........         	
				    Chou Fosman	0.98	1.16	0.84	EEEEEEEEE...EEEEEEE         	
				 Karplus Schulz	0.99	1.04	1.00	EEEEEEEEEEEEEEEEEEE         	
				         Parker	1.10	2.92	1.00	EEEEEEEEEEEEEEEEEEE         	
				    All matches	-	-	0.32	...EEEEEE..........         	
				         N-Glyc	-	-	0.00	...................         	
				     Hydropathy	-	-1.03	-	-------+---+-+---+-         	
4	P9WJV5	P9WJV5	CytoplasmicMembrane	   BepiPred-3.0	0.15	0.22	-	QSPASTPPPTPTPPS	850	865	N	0	-	15	1.46	5.52	-1.16	0.81
				          Emini	1.00	2.07	0.87	..EEEEEEEEEEEEE         	
				       Kolaskar	1.04	1.03	0.20	EEE............         	
				    Chou Fosman	0.94	1.25	1.00	EEEEEEEEEEEEEEE         	
				 Karplus Schulz	0.99	1.06	1.00	EEEEEEEEEEEEEEE         	
				         Parker	0.76	3.52	1.00	EEEEEEEEEEEEEEE         	
				    All matches	-	-	0.07	..E............         	
				         N-Glyc	-	-	0.00	...............         	
				     Hydropathy	-	-1.16	-	---+-----------         	
5	O65934	O65934	CytoplasmicMembrane	   BepiPred-3.0	0.15	0.19	-	QLQQLPPATTR	143	154	N	0	-	11	1.25	9.75	-0.93	0.80
				          Emini	1.00	1.45	0.91	E.EEEEEEEEE         	
				       Kolaskar	1.04	1.04	0.45	.EEEEE.....         	
				    Chou Fosman	0.98	1.02	0.91	EEEEEEEEEE.         	
				 Karplus Schulz	0.99	1.04	1.00	EEEEEEEEEEE         	
				         Parker	1.10	1.66	0.73	EE...EEEEEE         	
				    All matches	-	-	0.09	.....E.....         	
				         N-Glyc	-	-	0.00	...........         	
				     Hydropathy	-	-0.93	-	-+--+--+---         	
6	O53493	O53493	CytoplasmicMembrane	   BepiPred-3.0	0.15	0.28	-	PGRPRENPEW	330	340	N	0	-	10	1.24	6.57	-2.56	0.80
				          Emini	1.00	3.72	1.00	EEEEEEEEEE         	
				       Kolaskar	1.04	0.93	0.00	..........         	
				    Chou Fosman	0.97	1.17	1.00	EEEEEEEEEE         	
				 Karplus Schulz	0.99	1.06	1.00	EEEEEEEEEE         	
				         Parker	0.94	3.73	1.00	EEEEEEEEEE         	
				    All matches	-	-	0.00	..........         	
				         N-Glyc	-	-	0.00	..........         	
				     Hydropathy	-	-2.56	-	----------         	
7	I6X8D2	I6X8D2	CytoplasmicMembrane	   BepiPred-3.0	0.15	0.22	-	EKEPEPEPEPK	548	559	N	0	-	11	1.31	4.33	-2.88	0.80
				          Emini	1.00	3.87	1.00	EEEEEEEEEEE         	
				       Kolaskar	1.03	0.98	0.18	EE.........         	
				    Chou Fosman	0.96	1.02	0.82	..EEEEEEEEE         	
				 Karplus Schulz	1.00	1.06	1.00	EEEEEEEEEEE         	
				         Parker	1.67	4.47	1.00	EEEEEEEEEEE         	
				    All matches	-	-	0.00	...........         	
				         N-Glyc	-	-	0.00	...........         	
				     Hydropathy	-	-2.88	-	-----------         	
8	P9WJN5	P9WJN5	CytoplasmicMembrane	   BepiPred-3.0	0.15	0.18	-	RGTPSPTDGPR	134	145	N	0	-	11	1.14	9.60	-1.85	0.80
				          Emini	1.00	2.21	1.00	EEEEEEEEEEE         	
				       Kolaskar	1.04	0.95	0.00	...........         	
				    Chou Fosman	0.95	1.31	1.00	EEEEEEEEEEE         	
				 Karplus Schulz	1.00	1.08	1.00	EEEEEEEEEEE         	
				         Parker	0.77	4.86	1.00	EEEEEEEEEEE         	
				    All matches	-	-	0.00	...........         	
				         N-Glyc	-	-	0.00	...........         	
				     Hydropathy	-	-1.85	-	-----------         	
9	P9WI69	P9WI69	CytoplasmicMembrane	   BepiPred-3.0	0.15	0.23	-	DDNDHTQAKTPPVRP	455	470	N	0	-	15	1.69	5.30	-1.95	0.79
				          Emini	1.00	1.93	0.87	EEEEEEEEEEEEE..         	
				       Kolaskar	1.04	1.00	0.40	.........EEEEEE         	
				    Chou Fosman	0.98	1.09	0.93	EEEEEEEEEEEEEE.         	
				 Karplus Schulz	1.00	1.04	0.93	EEEEEEEEEEEEEE.         	
				         Parker	1.74	3.25	0.80	EEEEEEEEEEEE...         	
				    All matches	-	-	0.20	.........EEE...         	
				         N-Glyc	-	-	0.00	...............         	
				     Hydropathy	-	-1.95	-	-------+----+--         	
10	P9WFU7	P9WFU7	Cytoplasmic	   BepiPred-3.0	0.15	0.20	-	HDTSSKTTADISR	21	34	N	0	-	13	1.42	6.75	-1.29	0.78
				          Emini	1.00	1.81	0.69	EEEEEEEE.E...         	
				       Kolaskar	1.04	0.98	0.23	..........EEE         	
				    Chou Fosman	0.95	1.13	1.00	EEEEEEEEEEEEE         	
				 Karplus Schulz	0.99	1.06	1.00	EEEEEEEEEEEEE         	
				         Parker	1.03	4.77	1.00	EEEEEEEEEEEEE         	
				    All matches	-	-	0.00	.............         	
				         N-Glyc	-	-	0.00	.............         	
				     Hydropathy	-	-1.29	-	--------+-+--         	
11	P9WI71	P9WI71	CytoplasmicMembrane	   BepiPred-3.0	0.15	0.18	-	PAPPVTPPGVQP	318	330	N	0	-	12	1.16	5.96	-0.33	0.78
				          Emini	1.00	0.98	0.25	E...E......E         	
				       Kolaskar	1.03	1.08	1.00	EEEEEEEEEEEE         	
				    Chou Fosman	1.01	1.18	1.00	EEEEEEEEEEEE         	
				 Karplus Schulz	1.00	1.05	1.00	EEEEEEEEEEEE         	
				         Parker	1.80	2.15	0.67	EE...E.EEEEE         	
				    All matches	-	-	0.17	E..........E         	
				         N-Glyc	-	-	0.00	............         	
				     Hydropathy	-	-0.33	-	-+--+----+--         	
12	P9WIU5	P9WIU5	CytoplasmicMembrane	   BepiPred-3.0	0.15	0.22	-	GQAPPGPPASG	195	206	N	0	-	11	0.94	5.52	-0.75	0.78
				          Emini	1.00	1.13	0.64	.EEEEEE.E..         	
				       Kolaskar	1.03	1.03	0.36	.E...E...EE         	
				    Chou Fosman	1.00	1.27	0.91	.EEEEEEEEEE         	
				 Karplus Schulz	1.00	1.07	1.00	EEEEEEEEEEE         	
				         Parker	1.70	3.37	1.00	EEEEEEEEEEE         	
				    All matches	-	-	0.18	.E...E.....         	
				         N-Glyc	-	-	0.00	...........         	
				     Hydropathy	-	-0.75	-	--+-----+--         	
13	P9WHW5	P9WHW5	Cytoplasmic	   BepiPred-3.0	0.15	0.21	-	LPPPPPQPGID	498	509	N	0	-	11	1.13	3.80	-0.79	0.78
				          Emini	1.00	1.56	0.64	.EEEEEEE...         	
				       Kolaskar	1.03	1.06	0.82	EEEEE.E.EEE         	
				    Chou Fosman	1.00	1.25	1.00	EEEEEEEEEEE         	
				 Karplus Schulz	1.00	1.03	0.82	.EEEEEEEEE.         	
				         Parker	1.72	1.85	0.64	....EEEEEEE         	
				    All matches	-	-	0.18	....E.E....         	
				         N-Glyc	-	-	0.00	...........         	
				     Hydropathy	-	-0.79	-	+--------+-         	
14	P9WGK9	P9WGK9	CytoplasmicMembrane	   BepiPred-3.0	0.15	0.19	-	QPNPQPMPPEYKERQRPREH	542	562	N	0	-	20	2.51	8.60	-2.71	0.78
				          Emini	1.00	4.49	1.00	EEEEEEEEEEEEEEEEEEEE         	
				       Kolaskar	1.03	0.98	0.10	EE..................         	
				    Chou Fosman	0.94	1.09	0.85	EEEEEEEEEEEE.EEEEE..         	
				 Karplus Schulz	0.99	1.05	0.95	EEEEEEEEEEEEEEEEEEE.         	
				         Parker	1.30	3.46	1.00	EEEEEEEEEEEEEEEEEEEE         	
				    All matches	-	-	0.10	EE..................         	
				         N-Glyc	-	-	0.00	....................         	
				     Hydropathy	-	-2.71	-	------+-------------         	
15	P9WI63	P9WI63	CytoplasmicMembrane	   BepiPred-3.0	0.15	0.20	-	TQQGQLGAKPVHHPTRQLTRQP	308	330	N	0	-	22	2.48	12.01	-1.40	0.77
				          Emini	1.00	1.74	0.82	EEEE..E..EEEEEEEEEEEEE         	
				       Kolaskar	1.04	1.03	0.36	.......EEEEEEEE.......         	
				    Chou Fosman	0.95	1.03	0.91	EE.EEEEEEEEEEEEEE.EEEE         	
				 Karplus Schulz	0.99	1.04	0.86	EEEEEEEEEE...EEEEEEEEE         	
				         Parker	1.34	2.63	0.91	EEEEEEE..EEEEEEEEEEEEE         	
				    All matches	-	-	0.14	.........E...EE.......         	
				         N-Glyc	-	-	0.00	......................         	
				     Hydropathy	-	-1.40	-	-----+-+--+------+----         	
16	P9WI83	P9WI83	CytoplasmicMembrane	   BepiPred-3.0	0.15	0.21	-	SRRSRPATGGHRPPRRT	315	332	N	0	-	17	1.95	12.70	-2.18	0.76
				          Emini	1.00	2.43	0.82	EEEEEE...EEEEEEEE         	
				       Kolaskar	1.02	0.97	0.00	.................         	
				    Chou Fosman	1.00	1.14	1.00	EEEEEEEEEEEEEEEEE         	
				 Karplus Schulz	1.00	1.05	1.00	EEEEEEEEEEEEEEEEE         	
				         Parker	1.78	3.70	1.00	EEEEEEEEEEEEEEEEE         	
				    All matches	-	-	0.00	.................         	
				         N-Glyc	-	-	0.00	.................         	
				     Hydropathy	-	-2.18	-	------+----------         	
17	P9WI69	P9WI69	CytoplasmicMembrane	   BepiPred-3.0	0.15	0.26	-	VGPNGSPSTQ	491	501	Y	1	NGS[4:6]	10	0.94	5.49	-0.91	0.76
				          Emini	1.00	1.15	0.70	...EEEEEEE         	
				       Kolaskar	1.04	1.01	0.30	EEE.......         	
				    Chou Fosman	0.98	1.30	1.00	EEEEEEEEEE         	
				 Karplus Schulz	1.00	1.07	0.90	.EEEEEEEEE         	
				         Parker	1.74	4.08	0.90	.EEEEEEEEE         	
				    All matches	-	-	0.00	..........         	
				         N-Glyc	-	-	0.30	...EEE....         	
				     Hydropathy	-	-0.91	-	+---------         	
18	P71707	P71707	CytoplasmicMembrane	   BepiPred-3.0	0.15	0.26	-	EDGKGGPPNN	580	590	N	0	-	10	0.98	4.37	-2.23	0.76
				          Emini	1.00	1.31	0.90	EEEEEEEEE.         	
				       Kolaskar	1.02	0.93	0.00	..........         	
				    Chou Fosman	1.02	1.36	1.00	EEEEEEEEEE         	
				 Karplus Schulz	1.01	1.09	1.00	EEEEEEEEEE         	
				         Parker	1.86	4.70	0.90	EEEEEEEEE.         	
				    All matches	-	-	0.00	..........         	
				         N-Glyc	-	-	0.00	..........         	
				     Hydropathy	-	-2.23	-	----------         	
19	P9WFU7	P9WFU7	Cytoplasmic	   BepiPred-3.0	0.15	0.25	-	RRDGRGVQSN	10	20	N	0	-	10	1.14	11.70	-2.14	0.76
				          Emini	1.00	1.73	0.80	EEEEE.E.EE         	
				       Kolaskar	1.04	0.97	0.00	..........         	
				    Chou Fosman	0.95	1.18	1.00	EEEEEEEEEE         	
				 Karplus Schulz	0.99	1.05	1.00	EEEEEEEEEE         	
				         Parker	1.03	4.25	1.00	EEEEEEEEEE         	
				    All matches	-	-	0.00	..........         	
				         N-Glyc	-	-	0.00	..........         	
				     Hydropathy	-	-2.14	-	------+---         	
20	O53896	O53896	Unknown	   BepiPred-3.0	0.15	0.24	-	KPPLGSPPPK	203	213	N	0	-	10	1.02	10.00	-1.32	0.76
				          Emini	1.00	1.74	0.50	..E...EEEE         	
				       Kolaskar	1.04	1.04	0.80	EEEEEEE..E         	
				    Chou Fosman	1.02	1.24	0.90	.EEEEEEEEE         	
				 Karplus Schulz	1.01	1.06	1.00	EEEEEEEEEE         	
				         Parker	1.97	2.32	0.60	..EE..EEEE         	
				    All matches	-	-	0.30	..E...E..E         	
				         N-Glyc	-	-	0.00	..........         	
				     Hydropathy	-	-1.32	-	---+------         	
21	P9WI69	P9WI69	CytoplasmicMembrane	   BepiPred-3.0	0.15	0.26	-	TYDYTPTPQPPDVN	420	434	N	0	-	14	1.61	3.56	-1.49	0.76
				          Emini	1.00	2.57	0.93	EEEEEEEEEEEEE.         	
				       Kolaskar	1.04	1.01	0.07	.........E....         	
				    Chou Fosman	0.98	1.21	1.00	EEEEEEEEEEEEEE         	
				 Karplus Schulz	1.00	1.04	0.86	EE..EEEEEEEEEE         	
				         Parker	1.74	3.29	0.93	EEEEEEEEEEEEE.         	
				    All matches	-	-	0.07	.........E....         	
				         N-Glyc	-	-	0.00	..............         	
				     Hydropathy	-	-1.49	-	------------+-         	
22	P9WJV5	P9WJV5	CytoplasmicMembrane	   BepiPred-3.0	0.15	0.19	-	TSDKTRQRRRGGG	917	930	N	0	-	13	1.47	12.00	-2.48	0.75
				          Emini	1.00	4.22	0.77	EEEEEEEEEE...         	
				       Kolaskar	1.04	0.92	0.00	.............         	
				    Chou Fosman	0.94	1.12	1.00	EEEEEEEEEEEEE         	
				 Karplus Schulz	0.99	1.08	1.00	EEEEEEEEEEEEE         	
				         Parker	0.76	5.02	1.00	EEEEEEEEEEEEE         	
				    All matches	-	-	0.00	.............         	
				         N-Glyc	-	-	0.00	.............         	
				     Hydropathy	-	-2.48	-	-------------         	
23	P9WHS3	P9WHS3	CytoplasmicMembrane	   BepiPred-3.0	0.15	0.27	-	PNGQGGELQPAT	219	231	N	0	-	12	1.17	4.00	-1.12	0.75
				          Emini	1.00	1.17	0.67	EEEE.EEEE...         	
				       Kolaskar	1.06	0.99	0.17	.........EE.         	
				    Chou Fosman	0.93	1.12	0.92	EEEEEEEEE.EE         	
				 Karplus Schulz	0.98	1.06	1.00	EEEEEEEEEEEE         	
				         Parker	0.48	2.83	1.00	EEEEEEEEEEEE         	
				    All matches	-	-	0.00	............         	
				         N-Glyc	-	-	0.00	............         	
				     Hydropathy	-	-1.12	-	-------+--+-         	
24	P71707	P71707	CytoplasmicMembrane	   BepiPred-3.0	0.15	0.25	-	GYAGVPPPPPPPEVPPSET	761	780	N	0	-	19	1.89	3.79	-0.78	0.75
				          Emini	1.00	1.46	0.58	......EEEEEEEEEEE..         	
				       Kolaskar	1.02	1.07	0.89	.EEEEEEEEEEEEEE.EEE         	
				    Chou Fosman	1.02	1.21	0.89	EEEEEEEEEEEEEEEEE..         	
				 Karplus Schulz	1.01	1.03	0.74	.....EEEEEEEEEEEEEE         	
				         Parker	1.86	2.23	0.63	E.E.....EEEEEEEEE.E         	
				    All matches	-	-	0.42	........EEEEEEE.E..         	
				         N-Glyc	-	-	0.00	...................         	
				     Hydropathy	-	-0.78	-	--+-+--------+-----         	
25	O53581	O53581	Cytoplasmic	   BepiPred-3.0	0.15	0.22	-	LPPGPTPAHPHKPRP	50	65	N	0	-	15	1.60	11.00	-1.43	0.75
				          Emini	1.00	1.89	0.87	..EEEEEEEEEEEEE         	
				       Kolaskar	1.03	1.04	0.47	EEEE...EEE.....         	
				    Chou Fosman	1.01	1.18	1.00	EEEEEEEEEEEEEEE         	
				 Karplus Schulz	1.00	1.03	0.73	EEEEEEE....EEEE         	
				         Parker	1.54	2.18	0.67	....EEEEEEEEE.E         	
				    All matches	-	-	0.00	...............         	
				         N-Glyc	-	-	0.00	...............         	
				     Hydropathy	-	-1.43	-	+------+-------         	
26	L0T911	L0T911	CytoplasmicMembrane	   BepiPred-3.0	0.15	0.24	-	RKKTSAAPDPQQR	169	182	N	0	-	13	1.48	11.00	-2.18	0.74
				          Emini	1.00	2.51	1.00	EEEEEEEEEEEEE         	
				       Kolaskar	1.03	0.99	0.00	.............         	
				    Chou Fosman	1.00	1.06	0.69	....EEEEEEEEE         	
				 Karplus Schulz	1.00	1.05	1.00	EEEEEEEEEEEEE         	
				         Parker	2.00	4.32	1.00	EEEEEEEEEEEEE         	
				    All matches	-	-	0.00	.............         	
				         N-Glyc	-	-	0.00	.............         	
				     Hydropathy	-	-2.18	-	-----++------         	
27	P9WFU7	P9WFU7	Cytoplasmic	   BepiPred-3.0	0.15	0.20	-	PQHTDAGLQR	35	45	N	0	-	10	1.12	7.17	-1.53	0.72
				          Emini	1.00	1.20	0.60	EEEE..E..E         	
				       Kolaskar	1.04	1.02	0.20	E.E.......         	
				    Chou Fosman	0.95	1.04	0.80	EEEEEEEE..         	
				 Karplus Schulz	0.99	1.01	1.00	EEEEEEEEEE         	
				         Parker	1.03	3.41	1.00	EEEEEEEEEE         	
				    All matches	-	-	0.20	E.E.......         	
				         N-Glyc	-	-	0.00	..........         	
				     Hydropathy	-	-1.53	-	-----+-+--         	
28	P96368	P96368	CytoplasmicMembrane	   BepiPred-3.0	0.15	0.19	-	QTSTPTGNLP	77	87	N	0	-	10	1.02	5.52	-0.97	0.72
				          Emini	1.00	1.43	0.80	EEEEEEE..E         	
				       Kolaskar	1.05	0.97	0.00	..........         	
				    Chou Fosman	0.96	1.18	1.00	EEEEEEEEEE         	
				 Karplus Schulz	0.99	1.05	0.90	EEEEEEEEE.         	
				         Parker	1.38	3.66	0.90	EEEEEEE.EE         	
				    All matches	-	-	0.00	..........         	
				         N-Glyc	-	-	0.00	..........         	
				     Hydropathy	-	-0.97	-	--------+-         	
29	P9WHR3	P9WHR3	Cytoplasmic	   BepiPred-3.0	0.15	0.22	-	RSSNPQVKIPGG	55	67	N	0	-	12	1.24	11.00	-1.03	0.72
				          Emini	1.00	1.07	0.50	EEEEEE......         	
				       Kolaskar	1.03	1.04	0.50	.....EEEEE.E         	
				    Chou Fosman	1.01	1.15	1.00	EEEEEEEEEEEE         	
				 Karplus Schulz	0.99	1.06	1.00	EEEEEEEEEEEE         	
				         Parker	1.72	2.60	0.58	EEEEEE..E...         	
				    All matches	-	-	0.08	.....E......         	
				         N-Glyc	-	-	0.00	............         	
				     Hydropathy	-	-1.03	-	------+-+---         	
30	P9WHS3	P9WHS3	CytoplasmicMembrane	   BepiPred-3.0	0.15	0.21	-	QEVSQGKLEQCT	142	154	N	0	-	12	1.35	4.53	-1.07	0.72
				          Emini	1.00	1.42	0.58	.EEE.EE.E.E.         	
				       Kolaskar	1.06	1.05	0.17	EE..........         	
				    Chou Fosman	0.93	1.00	0.83	..EEEEEEEEEE         	
				 Karplus Schulz	0.98	1.04	1.00	EEEEEEEEEEEE         	
				         Parker	0.48	3.45	1.00	EEEEEEEEEEEE         	
				    All matches	-	-	0.00	............         	
				         N-Glyc	-	-	0.00	............         	
				     Hydropathy	-	-1.07	-	--+----+--+-         	
31	O65934	O65934	CytoplasmicMembrane	   BepiPred-3.0	0.15	0.19	-	WPTDGPPQTGTLGS	128	142	N	0	-	14	1.41	3.80	-0.93	0.71
				          Emini	1.00	1.42	0.64	EEEEEEEEE.....         	
				       Kolaskar	1.04	0.97	0.00	..............         	
				    Chou Fosman	0.98	1.23	1.00	EEEEEEEEEEEEEE         	
				 Karplus Schulz	0.99	1.07	0.93	.EEEEEEEEEEEEE         	
				         Parker	1.10	3.42	1.00	EEEEEEEEEEEEEE         	
				    All matches	-	-	0.00	..............         	
				         N-Glyc	-	-	0.00	..............         	
				     Hydropathy	-	-0.93	-	-----------+--         	
32	O65934	O65934	CytoplasmicMembrane	   BepiPred-3.0	0.15	0.20	-	PGPLTPKDSHW	820	831	N	0	-	11	1.23	7.17	-1.31	0.71
				          Emini	1.00	1.86	0.82	..EEEEEEEEE         	
				       Kolaskar	1.04	1.03	0.27	EEE........         	
				    Chou Fosman	0.98	1.15	1.00	EEEEEEEEEEE         	
				 Karplus Schulz	0.99	1.02	0.73	EEEEEEEE...         	
				         Parker	1.10	1.92	0.73	...EEEEEEEE         	
				    All matches	-	-	0.00	...........         	
				         N-Glyc	-	-	0.00	...........         	
				     Hydropathy	-	-1.31	-	---+-------         	
33	P9WI71	P9WI71	CytoplasmicMembrane	   BepiPred-3.0	0.15	0.20	-	ESTLPAPPKPVPPPTMP	292	309	N	0	-	17	1.76	6.10	-0.63	0.71
				          Emini	1.00	1.33	0.71	EE...EEEEEEE.EEE.         	
				       Kolaskar	1.03	1.04	0.65	...EEEEEEEEEEE...         	
				    Chou Fosman	1.01	1.14	0.88	EE.EEEEEEEEEEEEE.         	
				 Karplus Schulz	1.00	1.04	0.88	EEEEEEEEEEEEEEE..         	
				         Parker	1.80	1.97	0.41	EEEE.......E...EE         	
				    All matches	-	-	0.06	...........E.....         	
				         N-Glyc	-	-	0.00	.................         	
				     Hydropathy	-	-0.63	-	---+-+----+----+-         	
34	P9WI69	P9WI69	CytoplasmicMembrane	   BepiPred-3.0	0.15	0.19	-	PDPATIPDTPDTTSTATLTPPT	555	577	N	0	-	22	2.21	3.42	-0.66	0.70
				          Emini	1.00	1.43	0.55	......EEEEEEEE....EEEE         	
				       Kolaskar	1.04	1.00	0.09	E.E...................         	
				    Chou Fosman	0.98	1.09	0.91	EEEEEEEEEEEEEE..EEEEEE         	
				 Karplus Schulz	1.00	1.04	1.00	EEEEEEEEEEEEEEEEEEEEEE         	
				         Parker	1.74	3.36	0.95	EE.EEEEEEEEEEEEEEEEEEE         	
				    All matches	-	-	0.00	......................         	
				         N-Glyc	-	-	0.00	......................         	
				     Hydropathy	-	-0.66	-	---+-+---------+-+----         	
35	P71707	P71707	CytoplasmicMembrane	   BepiPred-3.0	0.15	0.20	-	APPMPPPRDPLE	61	73	N	0	-	12	1.32	4.37	-1.13	0.70
				          Emini	1.00	2.11	0.75	..EEEEEEEEE.         	
				       Kolaskar	1.02	1.00	0.25	...E...E...E         	
				    Chou Fosman	1.02	1.19	0.83	EEEEEEEEEE..         	
				 Karplus Schulz	1.01	1.04	1.00	EEEEEEEEEEEE         	
				         Parker	1.86	2.29	0.67	.E...EEEEEEE         	
				    All matches	-	-	0.08	.......E....         	
				         N-Glyc	-	-	0.00	............         	
				     Hydropathy	-	-1.13	-	+--+------+-         	
36	P9WI75	P9WI75	CytoplasmicMembrane	   BepiPred-3.0	0.15	0.24	-	MQQTGQTRRE	454	464	N	0	-	10	1.23	9.35	-2.29	0.70
				          Emini	1.00	2.05	0.80	..EEEEEEEE         	
				       Kolaskar	1.03	0.97	0.20	EE........         	
				    Chou Fosman	0.97	0.99	0.60	..EEEEEE..         	
				 Karplus Schulz	1.00	1.06	0.90	.EEEEEEEEE         	
				         Parker	1.86	4.32	1.00	EEEEEEEEEE         	
				    All matches	-	-	0.00	..........         	
				         N-Glyc	-	-	0.00	..........         	
				     Hydropathy	-	-2.29	-	+---------         	
37	P9WI83	P9WI83	CytoplasmicMembrane	   BepiPred-3.0	0.15	0.23	-	GRRPPRPSQTPPPGRAAPA	276	295	N	0	-	19	1.97	12.48	-1.56	0.69
				          Emini	1.00	2.32	0.79	EEEEEEEEEEEEEEE....         	
				       Kolaskar	1.02	1.00	0.16	.........E.......EE         	
				    Chou Fosman	1.00	1.17	0.84	EEEEEEEEEEEEEEEE...         	
				 Karplus Schulz	1.00	1.04	0.79	EEEEEEEEEEEEEEE....         	
				         Parker	1.78	3.23	0.89	EEEEEEEEEEEEEEEEE..         	
				    All matches	-	-	0.05	.........E.........         	
				         N-Glyc	-	-	0.00	...................         	
				     Hydropathy	-	-1.56	-	---------------++-+         	
38	O65934	O65934	CytoplasmicMembrane	   BepiPred-3.0	0.15	0.20	-	RYPTGGQQLWPPS	165	178	N	0	-	13	1.49	8.75	-1.31	0.69
				          Emini	1.00	1.81	0.77	EEEEE..EEE.EE         	
				       Kolaskar	1.04	1.00	0.08	.........E...         	
				    Chou Fosman	0.98	1.22	1.00	EEEEEEEEEEEEE         	
				 Karplus Schulz	0.99	1.07	1.00	EEEEEEEEEEEEE         	
				         Parker	1.10	2.01	0.62	EEEEEEE.....E         	
				    All matches	-	-	0.00	.............         	
				         N-Glyc	-	-	0.00	.............         	
				     Hydropathy	-	-1.31	-	--------+----         	
39	I6YHB0	I6YHB0	Unknown	   BepiPred-3.0	0.15	0.22	-	PDPQDRPDSEPSD	1	14	N	0	-	13	1.45	3.71	-2.58	0.69
				          Emini	1.00	2.11	0.92	.EEEEEEEEEEEE         	
				       Kolaskar	1.03	0.81	0.00	.............         	
				    Chou Fosman	0.99	1.08	0.85	..EEEEEEEEEEE         	
				 Karplus Schulz	1.02	0.91	0.85	..EEEEEEEEEEE         	
				         Parker	2.46	4.97	0.85	..EEEEEEEEEEE         	
				    All matches	-	-	0.00	.............         	
				         N-Glyc	-	-	0.00	.............         	
				     Hydropathy	-	-2.58	-	-------------         	
40	I6Y9J2	I6Y9J2	Unknown	   BepiPred-3.0	0.15	0.23	-	VGAQGHTNTSH	341	352	Y	1	NTS[8:10]	11	1.11	6.89	-0.95	0.69
				          Emini	1.00	1.13	0.45	....EEEEE..         	
				       Kolaskar	1.02	0.99	0.36	E.EE......E         	
				    Chou Fosman	1.01	1.14	1.00	EEEEEEEEEEE         	
				 Karplus Schulz	0.99	1.02	0.73	..EEEEEEEE.         	
				         Parker	1.69	3.80	0.91	.EEEEEEEEEE         	
				    All matches	-	-	0.00	...........         	
				         N-Glyc	-	-	0.27	.......EEE.         	
				     Hydropathy	-	-0.95	-	+-+--------         	
41	P9WI77	P9WI77	CytoplasmicMembrane	   BepiPred-3.0	0.15	0.18	-	SPGTRWPQPTPWAGGAPPWGPPSSP	303	328	N	0	-	25	2.57	9.47	-1.08	0.68
				          Emini	1.00	1.30	0.60	..EEEEEEEE........EEEEEEE         	
				       Kolaskar	1.04	1.00	0.16	E.....................EEE         	
				    Chou Fosman	1.00	1.25	1.00	EEEEEEEEEEEEEEEEEEEEEEEEE         	
				 Karplus Schulz	1.00	1.05	1.00	EEEEEEEEEEEEEEEEEEEEEEEEE         	
				         Parker	1.64	1.79	0.64	EE.EEEEE..EEE...E...EEEEE         	
				    All matches	-	-	0.12	......................EEE         	
				         N-Glyc	-	-	0.00	.........................         	
				     Hydropathy	-	-1.08	-	------------+--+---------         	
42	P9WIU5	P9WIU5	CytoplasmicMembrane	   BepiPred-3.0	0.15	0.20	-	KAGLGQTPATTDARRTQKFYRGSP	3	27	N	0	-	24	2.61	11.00	-1.21	0.68
				          Emini	1.00	2.18	0.75	......EEEEEEEEEEEEEEEEEE         	
				       Kolaskar	1.03	0.98	0.00	........................         	
				    Chou Fosman	1.00	1.06	0.67	.EEEEEEEEEE.......EEEEEE         	
				 Karplus Schulz	1.00	1.05	1.00	EEEEEEEEEEEEEEEEEEEEEEEE         	
				         Parker	1.70	3.33	0.96	.EEEEEEEEEEEEEEEEEEEEEEE         	
				    All matches	-	-	0.00	........................         	
				         N-Glyc	-	-	0.00	........................         	
				     Hydropathy	-	-1.21	-	-+-+----+---+-----+-----         	
43	P9WJV5	P9WJV5	CytoplasmicMembrane	   BepiPred-3.0	0.15	0.24	-	IEPDNDPANMWQER	482	496	N	0	-	14	1.71	3.92	-1.78	0.64
				          Emini	1.00	1.99	0.93	.EEEEEEEEEEEEE         	
				       Kolaskar	1.04	0.93	0.00	..............         	
				    Chou Fosman	0.94	1.10	0.71	EEEEEEEEEE....         	
				 Karplus Schulz	0.99	1.01	0.64	.EEEEEEE...EE.         	
				         Parker	0.76	2.79	0.93	EEEEEEEEEEEE.E         	
				    All matches	-	-	0.00	..............         	
				         N-Glyc	-	-	0.00	..............         	
				     Hydropathy	-	-1.78	-	+------+-+----         	
44	P9WG27	P9WG27	Extracellular	   BepiPred-3.0	0.15	0.21	-	KTQGPGAWPK	110	120	N	0	-	10	1.07	10.00	-1.51	0.64
				          Emini	1.00	1.36	0.60	EEEE..E..E         	
				       Kolaskar	1.03	0.98	0.30	.......EEE         	
				    Chou Fosman	1.03	1.16	0.80	..EEEEEEEE         	
				 Karplus Schulz	1.00	1.04	0.90	EEEEEEE.EE         	
				         Parker	1.94	2.42	0.60	E.EEEE...E         	
				    All matches	-	-	0.10	.........E         	
				         N-Glyc	-	-	0.00	..........         	
				     Hydropathy	-	-1.51	-	------+---         	
45	P9WI67	P9WI67	CytoplasmicMembrane	   BepiPred-3.0	0.15	0.19	-	PGHGWPPGLPPLPRR	321	336	N	0	-	15	1.63	12.00	-1.09	0.63
				          Emini	1.00	2.04	0.47	E......E..EEEEE         	
				       Kolaskar	1.04	1.02	0.27	........EEEE...         	
				    Chou Fosman	0.97	1.25	1.00	EEEEEEEEEEEEEEE         	
				 Karplus Schulz	0.99	1.03	0.93	EEE.EEEEEEEEEEE         	
				         Parker	1.30	0.74	0.47	EEEEE........EE         	
				    All matches	-	-	0.00	...............         	
				         N-Glyc	-	-	0.00	...............         	
				     Hydropathy	-	-1.09	-	--------+--+---         	
46	P9WHW5	P9WHW5	Cytoplasmic	   BepiPred-3.0	0.15	0.23	-	RNELSQISYGQSGGPLD	362	379	N	0	-	17	1.82	4.37	-0.96	0.62
				          Emini	1.00	1.03	0.29	EEE....E.E.......         	
				       Kolaskar	1.03	1.02	0.41	.....EEEE.....EEE         	
				    Chou Fosman	1.00	1.18	0.88	EEE.E.EEEEEEEEEEE         	
				 Karplus Schulz	1.00	1.04	0.76	EEEEEE..EEEEEEE..         	
				         Parker	1.72	2.70	0.76	.EEEE..EEEEEEEEE.         	
				    All matches	-	-	0.00	.................         	
				         N-Glyc	-	-	0.00	.................         	
				     Hydropathy	-	-0.96	-	---+--+--------+-         	
47	P9WG27	P9WG27	Extracellular	   BepiPred-3.0	0.15	0.25	-	NWAANTGNGLY	64	75	N	0	-	11	1.18	5.52	-0.62	0.60
				          Emini	1.00	0.91	0.45	..E.EEEE...         	
				       Kolaskar	1.03	0.93	0.00	...........         	
				    Chou Fosman	1.03	1.22	1.00	EEEEEEEEEEE         	
				 Karplus Schulz	1.00	1.02	0.64	E...EEEEEE.         	
				         Parker	1.94	2.79	0.91	EEEEEEEEEE.         	
				    All matches	-	-	0.00	...........         	
				         N-Glyc	-	-	0.00	...........         	
				     Hydropathy	-	-0.62	-	--++-----+-         	
48	P9WI69	P9WI69	CytoplasmicMembrane	   BepiPred-3.0	0.15	0.25	-	HSNECGQQGAV	525	536	N	0	-	11	1.13	5.24	-0.94	0.60
				          Emini	1.00	0.58	0.09	E..........         	
				       Kolaskar	1.04	1.04	0.64	EEE....EEEE         	
				    Chou Fosman	0.98	1.05	0.64	.EEEEEEE...         	
				 Karplus Schulz	1.00	1.03	0.73	.EEEEEEEE..         	
				         Parker	1.74	3.55	0.91	EEEEEEEEEE.         	
				    All matches	-	-	0.00	...........         	
				         N-Glyc	-	-	0.00	...........         	
				     Hydropathy	-	-0.94	-	----+----++         	
49	P9WI75	P9WI75	CytoplasmicMembrane	   BepiPred-3.0	0.15	0.24	-	DPTEAPLPIEQES	436	449	N	0	-	13	1.43	3.50	-1.05	0.60
				          Emini	1.00	1.34	0.69	EEEEE....EEEE         	
				       Kolaskar	1.03	1.01	0.46	....EEEEEE...         	
				    Chou Fosman	0.97	0.98	0.54	EEEEE.....E.E         	
				 Karplus Schulz	1.00	1.04	0.77	EEEEE...EEEEE         	
				         Parker	1.86	2.52	0.54	EEEE......EEE         	
				    All matches	-	-	0.00	.............         	
				         N-Glyc	-	-	0.00	.............         	
				     Hydropathy	-	-1.05	-	----+-+-+----         	
50	I6YHB0	I6YHB0	Unknown	   BepiPred-3.0	0.15	0.20	-	PPKPAEAPVS	55	65	N	0	-	10	0.99	6.43	-0.68	0.58
				          Emini	1.00	0.91	0.50	EEEEE.....         	
				       Kolaskar	1.03	1.05	0.60	.E...EEEEE         	
				    Chou Fosman	0.99	1.04	0.60	EEEEE.E...         	
				 Karplus Schulz	1.02	1.02	0.50	EEEEE.....         	
				         Parker	2.46	2.68	0.70	EEEEEEE...         	
				    All matches	-	-	0.10	.E........         	
				         N-Glyc	-	-	0.00	..........         	
				     Hydropathy	-	-0.68	-	----+-+-+-         	
51	O33272	O33272	Cytoplasmic	   BepiPred-3.0	0.15	0.22	-	ADKSKRPPRFDLK	1	14	N	0	-	13	1.56	10.28	-1.79	0.57
				          Emini	1.00	3.15	0.85	.EEEEEEEEEE.E         	
				       Kolaskar	1.05	0.83	0.00	.............         	
				    Chou Fosman	0.96	0.94	0.77	..EEEEEEEEE.E         	
				 Karplus Schulz	0.99	0.88	0.69	..EEEEEEE..EE         	
				         Parker	1.59	2.35	0.54	..EEEEEE....E         	
				    All matches	-	-	0.00	.............         	
				         N-Glyc	-	-	0.00	.............         	
				     Hydropathy	-	-1.79	-	+--------+-+-         	
52	P9WI81	P9WI81	CytoplasmicMembrane	   BepiPred-3.0	0.15	0.27	-	TGMLDKGADVDAGGSQHNR	583	602	N	0	-	19	1.93	5.27	-0.98	0.53
				          Emini	1.00	0.88	0.21	.....E........EEE..         	
				       Kolaskar	1.03	0.99	0.16	......E..........EE         	
				    Chou Fosman	0.99	1.11	0.84	.EEEEEEEEEEEEEEEE..         	
				 Karplus Schulz	1.00	1.02	0.63	...EEEEE...EEEEEEE.         	
				         Parker	1.89	3.28	0.79	...EEEEEEEEEEEEEEE.         	
				    All matches	-	-	0.00	...................         	
				         N-Glyc	-	-	0.00	...................         	
				     Hydropathy	-	-0.98	-	--++---+-+-+-------         	
53	L0T911	L0T911	CytoplasmicMembrane	   BepiPred-3.0	0.15	0.24	-	PGCGCYFDDV	600	610	N	0	-	10	1.08	3.56	0.13	0.46
				          Emini	1.00	0.34	0.00	..........         	
				       Kolaskar	1.03	1.09	0.90	.EEEEEEEEE         	
				    Chou Fosman	1.00	1.18	0.90	EEEEEEEEE.         	
				 Karplus Schulz	1.00	0.96	0.10	E.........         	
				         Parker	2.00	1.28	0.40	EEE..E....         	
				    All matches	-	-	0.00	..........         	
				         N-Glyc	-	-	0.00	..........         	
				     Hydropathy	-	0.13	-	--+-+-+--+         	
54	P9WG27	P9WG27	Extracellular	   BepiPred-3.0	0.15	0.19	-	MTPGLLTTAGAGRPRDR	0	17	N	0	-	17	1.77	11.70	-0.61	0.46
				          Emini	1.00	1.52	0.41	..........EEEEEEE         	
				       Kolaskar	1.03	0.81	0.12	.....E.E.........         	
				    Chou Fosman	1.03	0.88	0.47	.........EEEEEEEE         	
				 Karplus Schulz	1.00	0.84	0.76	...EEEEEEEEEEEEE.         	
				         Parker	1.94	2.23	0.53	........EEEEEEEEE         	
				    All matches	-	-	0.00	.................         	
				         N-Glyc	-	-	0.00	.................         	
				     Hydropathy	-	-0.61	-	+---++--+-+------         	
55	P9WG27	P9WG27	Extracellular	   BepiPred-3.0	0.15	0.20	-	SQGDAPLGSLTHILTF	124	140	N	0	-	16	1.66	5.06	0.31	0.45
				          Emini	1.00	0.69	0.13	..EE............         	
				       Kolaskar	1.03	1.06	0.81	EEE...EEEEEEEEEE         	
				    Chou Fosman	1.03	1.01	0.56	EEEEEEEEE.......         	
				 Karplus Schulz	1.00	1.00	0.38	EEEEEE..........         	
				         Parker	1.94	0.69	0.38	EEEEEE..........         	
				    All matches	-	-	0.06	..E.............         	
				         N-Glyc	-	-	0.00	................         	
				     Hydropathy	-	0.31	-	----+-+--+--++-+         	
56	I6Y9J2	I6Y9J2	Unknown	   BepiPred-3.0	0.15	0.20	-	IADKGTPFADLLV	46	59	N	0	-	13	1.36	4.21	0.70	0.43
				          Emini	1.00	0.83	0.23	...EEE.......         	
				       Kolaskar	1.02	1.05	0.62	EEE.....EEEEE         	
				    Chou Fosman	1.01	0.97	0.38	...EEEEE.....         	
				 Karplus Schulz	0.99	1.00	0.46	.EEEEEE......         	
				         Parker	1.69	0.82	0.46	.EEEEEE......         	
				    All matches	-	-	0.00	.............         	
				         N-Glyc	-	-	0.00	.............         	
				     Hydropathy	-	0.70	-	++-----++-+++         	
57	I6X8D2	I6X8D2	CytoplasmicMembrane	   BepiPred-3.0	0.15	0.21	-	HDDAIMFEPRY	1663	1674	N	0	-	11	1.39	4.54	-0.92	0.29
				          Emini	1.00	1.20	0.55	EE.....EEEE         	
				       Kolaskar	1.03	1.00	0.18	.........EE         	
				    Chou Fosman	0.96	0.92	0.27	EEE........         	
				 Karplus Schulz	1.00	0.97	0.18	EE.........         	
				         Parker	1.67	1.04	0.27	EE........E         	
				    All matches	-	-	0.00	...........         	
				         N-Glyc	-	-	0.00	...........         	
				     Hydropathy	-	-0.92	-	---++++----         	
58	O53581	O53581	Cytoplasmic	   BepiPred-3.0	0.15	0.20	-	HEVPVLSGLG	232	242	N	0	-	10	1.01	5.24	0.61	0.24
				          Emini	1.00	0.32	0.00	..........         	
				       Kolaskar	1.03	1.11	0.90	EEEEEEEEE.         	
				    Chou Fosman	1.01	0.94	0.30	......E.EE         	
				 Karplus Schulz	1.00	0.97	0.00	..........         	
				         Parker	1.54	-0.58	0.00	..........         	
				    All matches	-	-	0.00	..........         	
				         N-Glyc	-	-	0.00	..........         	
				     Hydropathy	-	0.61	-	--+-++--+-         	
